aharvey = aharvey <aharvey>
alexws = alexws <alexws>
alien = alien <alien>
aur = aur <aur>
ave = ave <ave>
bfl = bfl <bfl>
bjori = bjori <bjori>
blindman = blindman <blindman>
chief977 = chief977 <chief977>
cmb = cmb <cmb>
conf = conf <conf>
countzero = countzero <countzero>
cvs2svn = cvs2svn <cvs2svn>
das = das <das>
degeberg = degeberg <degeberg>
derick = derick <derick>
dzenovich = dzenovich <dzenovich>
freespace = freespace <freespace>
goba = goba <goba>
hholzgra = hholzgra <hholzgra>
irker = irker <irker@irker.net>
kai = kai <kai>
kalle = kalle <kalle>
kyaniv = kyaniv <kyaniv>
lex = lex <lex61rus@gmail.com>
lovchy = lovchy <lovchy>
mch = mch <mch>
nilgun = nilgun <nilgun>
nlopess = nlopess <nlopess>
northcat = northcat <northcat>
philip = philip <philip>
ramsey = ramsey <ramsey>
rasmus = rasmus <rasmus>
rjhdby = rjhdby <andrewgrom@rambler.ru>
rquadling = rquadling <rquadling>
salathe = salathe <salathe>
santiago = santiago <santiago>
seprize = seprize <seprize>
shafff = shafff <shafff>
shein = shein <alexey.shein.dev@gmail.com>
simionea = simionea <simionea>
slawek = slawek <slawek>
sobak = sobak <sobak>
stas = stas <stas>
sveta = sveta <sveta>
tmn = tmn <tmn>
tony2001 = tony2001 <tony2001@php.net>
torben = torben <torben>
tronic = tronic <tronic>
vrana = vrana <vrana>
yannick = yannick <yannick>
young = young <young>
sergey = sergey <sergey@s-panteleev.ru>
